chain_file,cosmological_model,dataset,lenses,nsamples,H0_median,H0_q16,H0_q84,H0_mean,H0_std,P(H0<67)
LambdaCDM1a.h5,LambdaCDM1a,TDCOSMO + Pantheon+,RXJ1131-1231,500000,71.63720749510438,68.30425450102933,75.5313780781816,71.89314951000541,3.652009576863444,0.079166
